time,x,y
0.0,1366,362
0.006617307662963867,1366,362
0.017747163772583008,1365,362
0.028681278228759766,1364,363
0.034726858139038086,1363,363
0.04207253456115723,1362,363
0.06374883651733398,1360,364
0.06945919990539551,1360,364
0.08431482315063477,1358,364
0.09158825874328613,1357,364
0.10023307800292969,1356,364
0.1033027172088623,1355,365
0.11395049095153809,1354,365
0.12175989151000977,1354,365
0.12929654121398926,1353,365
0.13575530052185059,1352,365
0.1432173252105713,1351,365
0.14825177192687988,1349,365
0.15664148330688477,1348,365
0.16959214210510254,1347,365
0.18670105934143066,1347,365
0.19540047645568848,1346,365
0.22879314422607422,1345,365
0.2716341018676758,1344,365
0.28557467460632324,1343,365
0.29430675506591797,1342,365
0.30107808113098145,1341,365
0.3050251007080078,1339,365
0.3139505386352539,1338,365
0.32253003120422363,1337,365
0.3302595615386963,1336,365
0.3361349105834961,1335,365
0.34485816955566406,1334,365
0.3464055061340332,1333,365
0.36588263511657715,1332,365
0.37149524688720703,1331,365
0.37949085235595703,1330,365
0.38493776321411133,1329,365
0.3949463367462158,1328,365
0.4011361598968506,1327,365
0.40901947021484375,1327,365
0.4148440361022949,1326,365
0.4235191345214844,1325,366
0.4379909038543701,1324,366
0.4451172351837158,1322,366
0.44965147972106934,1321,366
0.45850515365600586,1320,366
0.47321128845214844,1320,367
0.4806859493255615,1319,367
0.4848170280456543,1318,367
0.5021800994873047,1317,367
0.5058658123016357,1316,368
0.5141487121582031,1315,368
0.5235004425048828,1314,368
0.5311219692230225,1313,368
0.5463035106658936,1312,368
0.5533337593078613,1311,368
0.5599362850189209,1310,370
0.5670390129089355,1309,370
0.5741560459136963,1308,370
0.5816965103149414,1307,370
0.5890777111053467,1307,371
0.5960969924926758,1305,371
0.6101980209350586,1304,371
0.616767168045044,1303,371
0.624380350112915,1302,371
0.6296060085296631,1301,371
0.6363174915313721,1301,371
0.6460378170013428,1299,372
0.6607315540313721,1298,372
0.6676661968231201,1295,372
0.669694185256958,1294,372
0.682438850402832,1293,372
0.6869020462036133,1292,372
0.696181058883667,1290,373
0.7006464004516602,1290,373
0.7120826244354248,1289,373
0.7171642780303955,1287,373
0.7255795001983643,1286,373
0.7324020862579346,1285,373
0.7395472526550293,1284,373
0.7463843822479248,1284,373
0.7537813186645508,1283,373
0.7615911960601807,1282,374
0.7683107852935791,1281,374
0.7826693058013916,1280,374
0.7897131443023682,1278,374
0.7973499298095703,1277,374
0.8116946220397949,1277,374
0.8172109127044678,1276,374
0.8325724601745605,1275,374
0.8472304344177246,1274,375
0.8512744903564453,1273,375
0.8687982559204102,1272,375
0.8826367855072021,1271,375
0.8895354270935059,1270,376
0.8973369598388672,1269,376
0.9117312431335449,1268,377
0.9144911766052246,1267,377
0.921722412109375,1266,378
0.9325230121612549,1264,378
0.9390740394592285,1264,378
0.9479780197143555,1263,380
0.9536585807800293,1261,381
0.9624500274658203,1260,381
0.9699680805206299,1259,382
0.9738278388977051,1257,382
0.9823262691497803,1256,382
0.9915053844451904,1255,382
0.995643138885498,1254,382
1.002563238143921,1254,382
1.0115861892700195,1253,383
1.0193090438842773,1251,383
1.0262947082519531,1250,383
1.03248929977417,1249,384
1.039370059967041,1248,384
1.0465641021728516,1248,384
1.054255723953247,1246,384
1.0632045269012451,1245,385
1.0699942111968994,1244,385
1.0776662826538086,1242,385
1.0823440551757812,1241,385
1.0869436264038086,1240,386
1.0956311225891113,1240,386
1.106466293334961,1239,387
1.112933874130249,1238,387
1.118281602859497,1237,387
1.1281962394714355,1236,388
1.1342175006866455,1235,388
1.148200273513794,1234,388
1.1560521125793457,1234,389
1.1625449657440186,1233,389
1.1766695976257324,1232,389
1.192260980606079,1231,389
1.1955783367156982,1231,390
1.2139561176300049,1230,390
1.2281594276428223,1229,391
1.2351815700531006,1228,391
1.2456073760986328,1228,392
1.2641053199768066,1227,392
1.2701938152313232,1227,393
1.278733253479004,1225,393
1.2968604564666748,1224,393
1.3054676055908203,1223,393
1.314377784729004,1223,394
1.3193213939666748,1222,394
1.342010498046875,1222,395
1.3488988876342773,1221,395
1.3576645851135254,1220,395
1.3672466278076172,1219,395
1.3787834644317627,1218,395
1.3853821754455566,1216,395
1.3935492038726807,1216,396
1.4007773399353027,1215,396
1.402388095855713,1215,396
1.4204790592193604,1214,396
1.4290804862976074,1213,398
1.4342730045318604,1212,398
1.4424126148223877,1211,398
1.4507184028625488,1210,398
1.4550771713256836,1209,398
1.4640913009643555,1207,399
1.4727988243103027,1207,399
1.4791064262390137,1206,399
1.4844331741333008,1205,400
1.4925334453582764,1204,400
1.5007200241088867,1203,400
1.508362054824829,1202,400
1.514035940170288,1202,401
1.5191714763641357,1201,401
1.5374424457550049,1199,401
1.543761968612671,1198,402
1.552241325378418,1197,402
1.5572147369384766,1196,402
1.5663604736328125,1195,403
1.5696485042572021,1194,403
1.5789332389831543,1194,403
1.587233543395996,1192,403
1.5990021228790283,1190,403
1.6156904697418213,1189,404
1.622474193572998,1188,404
1.6375296115875244,1187,404
1.6498448848724365,1186,404
1.6663143634796143,1185,405
1.6695542335510254,1185,405
1.6797797679901123,1184,405
1.6956162452697754,1183,407
1.7100939750671387,1181,407
1.7239248752593994,1180,408
1.7375819683074951,1179,408
1.7450482845306396,1178,408
1.7564585208892822,1178,409
1.7640790939331055,1177,409
1.7801523208618164,1177,409
1.7975568771362305,1176,410
1.8148140907287598,1175,410
1.8322086334228516,1174,410
1.8383843898773193,1172,411
1.8457715511322021,1171,411
1.8493528366088867,1170,411
1.861360788345337,1170,411
1.8668444156646729,1169,412
1.8731844425201416,1168,412
1.882420539855957,1167,412
1.886427402496338,1166,413
1.8966646194458008,1163,413
1.903106927871704,1162,413
1.9106271266937256,1162,414
1.917578935623169,1161,414
1.9202141761779785,1160,416
1.9326236248016357,1159,416
1.9382762908935547,1158,416
1.9461448192596436,1157,417
1.9518506526947021,1154,417
1.9681425094604492,1154,418
1.9726853370666504,1153,418
1.9897739887237549,1152,418
1.9947006702423096,1151,418
2.0014572143554688,1150,419
2.0116209983825684,1148,419
2.017930030822754,1147,420
2.0261526107788086,1146,420
2.0382468700408936,1144,421
2.0468688011169434,1143,422
2.0505290031433105,1142,422
2.061547040939331,1141,423
2.0686910152435303,1139,423
2.082610607147217,1138,425
2.0961341857910156,1136,426
2.1035425662994385,1135,426
2.1121556758880615,1134,427
2.1257452964782715,1134,428
2.1395516395568848,1133,428
2.1483817100524902,1132,428
2.1624014377593994,1131,429
2.175692558288574,1130,430
2.191399335861206,1129,431
2.2010226249694824,1128,431
2.2116596698760986,1128,432
2.218613386154175,1127,433
2.2241978645324707,1126,433
2.233391284942627,1126,435
2.2398386001586914,1125,435
2.2484259605407715,1125,435
2.253974676132202,1124,435
2.2627198696136475,1123,436
2.2650957107543945,1122,436
2.273566722869873,1122,437
2.2823855876922607,1122,438
2.2909529209136963,1121,439
2.298759698867798,1119,439
2.3056206703186035,1118,440
2.3121604919433594,1117,440
2.3146660327911377,1116,441
2.3243141174316406,1116,441
2.3344361782073975,1115,441
2.341275691986084,1115,442
2.3491461277008057,1114,442
2.356092691421509,1114,444
2.362231492996216,1113,444
2.3706135749816895,1112,445
2.3850297927856445,1110,445
2.388296127319336,1110,446
2.3968875408172607,1109,446
2.4056475162506104,1109,447
2.413750171661377,1108,447
2.420290470123291,1107,447
2.432546377182007,1106,448
2.438920736312866,1105,449
2.447385549545288,1103,449
2.4552409648895264,1101,450
2.4616074562072754,1100,451
2.4660451412200928,1099,453
2.477994203567505,1099,454
2.4824790954589844,1097,454
2.4912614822387695,1096,455
2.4992287158966064,1095,455
2.5055127143859863,1094,456
2.5143587589263916,1092,456
2.5225491523742676,1092,457
2.528273344039917,1092,457
2.536369562149048,1091,458
2.5461833477020264,1090,459
2.5546839237213135,1089,460
2.572040557861328,1088,462
2.5783894062042236,1087,462
2.5827126502990723,1087,463
2.587778091430664,1086,464
2.595916986465454,1085,465
2.60406231880188,1084,466
2.6141128540039062,1083,468
2.6222522258758545,1082,469
2.628416061401367,1081,472
2.636286973953247,1081,474
2.6395962238311768,1080,475
2.6476194858551025,1079,476
2.656416893005371,1078,477
2.6653919219970703,1078,480
2.6693239212036133,1077,482
2.678363800048828,1076,483
2.685293674468994,1074,485
2.69403076171875,1073,487
2.700176954269409,1073,488
2.703167676925659,1072,489
2.714256763458252,1072,491
2.718278408050537,1072,491
2.7300140857696533,1072,492
2.736844301223755,1071,493
2.7475082874298096,1070,494
2.7584683895111084,1070,495
2.7637460231781006,1069,496
2.771151542663574,1069,497
2.7800583839416504,1068,497
2.784433126449585,1067,498
2.7947778701782227,1067,500
2.801344156265259,1065,501
2.8062336444854736,1064,502
2.8147966861724854,1064,503
2.8232545852661133,1063,504
2.828187942504883,1063,505
2.8344452381134033,1062,505
2.8440299034118652,1061,506
2.851194143295288,1060,507
2.8581578731536865,1060,509
2.8639557361602783,1059,510
2.869349241256714,1058,512
2.878370523452759,1056,513
2.884917974472046,1056,514
2.894718647003174,1055,515
2.901841163635254,1055,516
2.904188871383667,1054,518
2.9138617515563965,1054,520
2.9219484329223633,1053,521
2.9287736415863037,1053,522
2.9366092681884766,1052,524
2.945277214050293,1052,524
2.952026844024658,1051,525
2.9600539207458496,1051,528
2.9642014503479004,1051,529
2.9719648361206055,1050,531
2.9802615642547607,1049,532
2.9888365268707275,1049,534
2.995133638381958,1047,537
3.001325845718384,1047,538
3.0107216835021973,1047,540
3.017630100250244,1046,541
3.023850917816162,1046,542
3.0279457569122314,1045,543
3.0351550579071045,1045,544
3.045131206512451,1044,545
3.0531647205352783,1044,547
3.0606467723846436,1044,548
3.068037748336792,1043,548
3.075089454650879,1043,549
3.082387924194336,1043,550
3.0846593379974365,1043,551
3.0955188274383545,1043,552
3.1027021408081055,1043,553
3.1105401515960693,1042,554
3.1171987056732178,1042,554
3.1252377033233643,1042,556
3.13277006149292,1042,557
3.1373183727264404,1042,558
3.1460742950439453,1042,559
3.1487643718719482,1042,560
3.161182165145874,1042,561
3.165585517883301,1041,562
3.175349235534668,1041,563
3.182913303375244,1041,566
3.185577392578125,1041,567
3.1953744888305664,1041,569
3.1998140811920166,1040,570
3.211327314376831,1040,571
3.2175424098968506,1040,575
3.2255289554595947,1040,576
3.232388496398926,1038,579
3.2353971004486084,1038,579
3.245732307434082,1038,581
3.2517447471618652,1038,582
3.2619316577911377,1038,585
3.2693707942962646,1038,586
3.273214101791382,1037,587
3.2828614711761475,1037,589
3.289745807647705,1037,589
3.2975358963012695,1037,590
3.311344623565674,1037,593
3.3143506050109863,1037,594
3.3226420879364014,1037,595
3.3422741889953613,1037,596
3.348130702972412,1037,597
3.3545644283294678,1037,598
3.3622219562530518,1037,599
3.3693089485168457,1036,600
3.374476671218872,1036,601
3.383760929107666,1036,603
3.3856990337371826,1036,604
3.39424204826355,1036,604
3.402613878250122,1036,606
3.4109303951263428,1036,607
3.4197540283203125,1036,609
3.4267566204071045,1036,610
3.4344584941864014,1035,613
3.4370648860931396,1035,614
3.4456324577331543,1035,615
3.4546186923980713,1035,617
3.462411880493164,1035,618
3.4701626300811768,1035,619
3.475623369216919,1035,622
3.4838249683380127,1035,623
3.491881847381592,1035,625
3.4981942176818848,1035,626
3.505988121032715,1035,628
3.5127451419830322,1034,629
3.5160903930664062,1034,632
3.525559186935425,1034,634
3.5336670875549316,1034,635
3.541480302810669,1034,637
3.549018144607544,1034,639
3.5517163276672363,1034,641
3.561738967895508,1034,642
3.5695462226867676,1034,643
3.5777337551116943,1034,644
3.5826005935668945,1034,645
3.5918805599212646,1034,646
3.5992417335510254,1034,647
3.6038007736206055,1034,648
3.613100528717041,1034,649
3.6208879947662354,1034,650
3.63261079788208,1034,651
3.64268159866333,1034,652
3.64926815032959,1034,653
3.6622138023376465,1034,654
3.678159236907959,1034,654
3.6823558807373047,1034,655
3.6997835636138916,1034,656
3.7142114639282227,1034,657
3.717503309249878,1034,659
3.7286770343780518,1033,660
3.735757350921631,1033,661
3.7432820796966553,1033,661
3.7493135929107666,1033,662
3.754013776779175,1033,663
3.7642204761505127,1033,664
3.7720630168914795,1033,665
3.7779040336608887,1033,666
3.784694194793701,1033,667
3.7934951782226562,1033,669
3.799592971801758,1033,670
3.8069684505462646,1033,671
3.8139874935150146,1033,673
3.8155529499053955,1033,675
3.826828956604004,1033,676
3.8334007263183594,1033,679
3.8437681198120117,1033,681
3.851104497909546,1033,681
3.856170415878296,1034,682
3.8636889457702637,1034,684
3.8726394176483154,1034,685
3.8793673515319824,1034,687
3.8861582279205322,1034,688
3.8934154510498047,1034,689
3.898937225341797,1034,690
3.904264450073242,1034,691
3.914747953414917,1034,692
3.9291186332702637,1034,693
3.9351511001586914,1034,694
3.943063497543335,1034,696
3.9512364864349365,1035,696
3.9581665992736816,1035,697
3.9639930725097656,1035,698
3.9680087566375732,1035,699
3.9873015880584717,1036,700
3.9936625957489014,1036,701
4.001380920410156,1036,702
4.009134292602539,1036,702
4.014181137084961,1036,704
4.029583692550659,1036,705
4.036268472671509,1037,707
4.051706075668335,1037,708
4.054142475128174,1037,709
4.0642454624176025,1037,710
4.080251455307007,1037,710
4.084804058074951,1037,711
4.094049692153931,1037,712
4.109872817993164,1039,714
4.115795135498047,1039,715
4.118990421295166,1039,716
4.130011320114136,1039,717
4.135095119476318,1039,717
4.145477533340454,1039,718
4.150506019592285,1039,719
4.159358024597168,1039,720
4.166879653930664,1039,721
4.169012546539307,1039,723
4.178447008132935,1039,723
4.186669588088989,1039,724
4.194794416427612,1039,726
4.2004714012146,1039,727
4.21026611328125,1039,728
4.217073202133179,1040,729
4.221383571624756,1040,730
4.230072021484375,1040,730
4.238650560379028,1040,732
4.243726491928101,1040,733
4.249275207519531,1040,734
4.260512828826904,1040,735
4.2651965618133545,1041,736
4.27463698387146,1041,736
4.277574300765991,1041,737
4.283912897109985,1041,738
4.300671815872192,1041,739
4.310039281845093,1041,741
4.317914009094238,1041,742
4.323547840118408,1041,743
4.332038640975952,1041,743
4.335435390472412,1042,743
4.344574213027954,1042,744
4.352631568908691,1042,745
4.360476970672607,1042,746
4.364152431488037,1042,747
4.373399496078491,1042,748
4.381181716918945,1042,750
4.3893396854400635,1042,750
4.3971264362335205,1042,751
4.3971264362335205,1043,752
4.410650253295898,1043,753
4.4150166511535645,1043,754
4.423827648162842,1043,755
4.432659387588501,1043,755
4.438419580459595,1044,756
4.446890115737915,1044,758
4.449853897094727,1044,759
4.46089768409729,1045,760
4.467555522918701,1045,761
4.474931716918945,1045,762
4.484232664108276,1046,762
4.4968791007995605,1046,763
4.503610849380493,1046,764
4.510169982910156,1048,765
4.518848180770874,1048,766
4.532863616943359,1049,768
4.53845477104187,1049,769
4.5473878383636475,1049,769
4.5546183586120605,1049,770
4.561032056808472,1049,771
4.569547891616821,1050,772
4.573457717895508,1050,773
4.58240270614624,1050,774
4.58716344833374,1051,777
4.595398902893066,1051,778
4.603433609008789,1052,778
4.611842632293701,1052,779
4.618279457092285,1052,780
4.626907825469971,1053,781
4.632359743118286,1053,782
4.640617609024048,1053,783
4.647959232330322,1054,784
4.654284715652466,1054,784
4.660809516906738,1055,786
4.669519424438477,1055,787
4.676136255264282,1055,788
4.682468414306641,1057,789
4.689863204956055,1057,790
4.695637464523315,1058,791
4.704194784164429,1058,791
4.712799310684204,1058,792
4.726993799209595,1059,793
4.733609199523926,1059,795
4.738813638687134,1060,796
4.750629425048828,1061,797
4.760199546813965,1061,798
4.76702618598938,1062,798
4.777070999145508,1062,799
4.783506393432617,1063,800
4.791592836380005,1064,802
4.799331188201904,1064,805
4.812880277633667,1066,806
4.817218542098999,1066,808
4.826571702957153,1067,809
4.8340184688568115,1067,811
4.842509746551514,1067,812
4.849081993103027,1067,815
4.85207724571228,1067,815
4.860456228256226,1068,817
4.869356393814087,1068,818
4.877906084060669,1068,820
4.882620811462402,1069,822
4.890532732009888,1070,825
4.898035764694214,1070,826
4.906110763549805,1070,827
4.912217855453491,1071,829
4.920706748962402,1071,830
4.92832088470459,1071,832
4.935401439666748,1071,833
4.938738584518433,1072,834
4.946761608123779,1072,835
4.955394506454468,1072,836
4.96418023109436,1072,837
4.977189540863037,1072,838
4.9826507568359375,1073,839
4.999508857727051,1073,839
5.01382040977478,1073,840
5.02184796333313,1073,841
5.026203393936157,1075,841
5.042919635772705,1075,843
5.046844720840454,1075,844
5.0549187660217285,1076,844
5.0641045570373535,1076,845
5.071978807449341,1076,846
5.083071947097778,1077,846
5.0936524868011475,1077,847
5.1046624183654785,1077,848
5.114212274551392,1077,849
5.121105909347534,1078,850
5.129278898239136,1078,852
5.1326165199279785,1079,853
5.143919944763184,1079,853
5.149526834487915,1080,854
5.158015727996826,1081,855
5.164150238037109,1082,856
5.1684958934783936,1082,857
5.176876783370972,1084,859
5.184136867523193,1085,861
5.1942784786224365,1085,862
5.200777530670166,1086,862
5.202897310256958,1086,863
5.215912818908691,1087,864
5.218831539154053,1088,866
5.22746729850769,1089,867
5.236120223999023,1090,868
5.2445173263549805,1091,870
5.249626874923706,1094,872
5.257990598678589,1095,873
5.264173269271851,1096,874
5.27066707611084,1098,876
5.2796385288238525,1099,876
5.28288459777832,1099,877
5.292980194091797,1102,879
5.299292802810669,1103,880
5.307521820068359,1104,881
5.3160881996154785,1106,882
5.323103427886963,1107,883
5.326481819152832,1108,884
5.333167791366577,1109,884
5.34496808052063,1109,885
5.3493735790252686,1111,885
5.358021259307861,1112,886
5.3669514656066895,1112,887
5.373941421508789,1113,887
5.379902124404907,1114,889
5.393698692321777,1115,890
5.409608602523804,1116,891
5.422628164291382,1116,891
5.4305431842803955,1116,891
5.438606023788452,1117,891
5.451498508453369,1117,892
5.459382772445679,1118,892
5.464143514633179,1118,893
5.472071647644043,1120,893
5.480574607849121,1120,894
5.488438129425049,1121,894
5.493533134460449,1122,895
5.498324871063232,1122,896
5.515695095062256,1123,897
5.529909372329712,1123,898
5.538386821746826,1123,898
5.545811176300049,1124,900
5.559248924255371,1124,901
5.564063310623169,1125,901
5.573525667190552,1126,902
5.5811755657196045,1126,903
5.589291334152222,1127,904
5.594512462615967,1127,904
5.6034018993377686,1129,905
5.610310792922974,1129,907
5.613929986953735,1130,908
5.632530689239502,1130,909
5.6388258934021,1130,910
5.647032260894775,1131,911
5.65461802482605,1131,912
5.6651222705841064,1132,912
5.673694610595703,1132,913
5.683040618896484,1133,913
5.687575817108154,1133,914
5.696878671646118,1134,916
5.704244136810303,1135,917
5.718684196472168,1136,918
5.725815773010254,1136,919
5.732855558395386,1138,919
5.738398790359497,1138,919
5.747604131698608,1138,920
5.754871606826782,1139,921
5.761150598526001,1140,922
5.775382995605469,1141,923
5.782607316970825,1142,925
5.7936906814575195,1143,926
5.803133249282837,1144,926
5.810808181762695,1144,927
5.817641735076904,1146,928
5.826295614242554,1147,928
5.8328330516815186,1148,929
5.8465235233306885,1149,930
5.854846000671387,1150,931
5.8617775440216064,1151,932
5.876914978027344,1151,932
5.8827362060546875,1152,934
5.889953851699829,1153,934
5.897922039031982,1153,934
5.903959274291992,1155,934
5.910280227661133,1156,935
5.914808511734009,1157,936
5.932383060455322,1158,936
5.941419839859009,1158,937
5.947551965713501,1159,937
5.953441143035889,1160,938
5.962070941925049,1161,938
5.970350980758667,1162,939
5.976895570755005,1164,939
5.98267936706543,1165,939
5.986908435821533,1165,940
6.003148078918457,1166,940
6.013024568557739,1167,940
6.0203492641448975,1168,940
6.034587621688843,1169,940
6.037990570068359,1170,941
6.046877384185791,1170,941
6.063400745391846,1170,943
6.067878484725952,1172,943
6.077021598815918,1173,944
6.084146976470947,1174,944
6.092260122299194,1174,945
6.099408864974976,1175,945
6.100658655166626,1176,946
6.1101508140563965,1177,946
6.121164560317993,1178,946
6.126805543899536,1178,947
6.1355955600738525,1179,948
6.147334814071655,1181,949
6.1640167236328125,1182,950
6.171802759170532,1183,951
6.177778959274292,1184,953
6.184390068054199,1186,954
6.193018198013306,1187,954
6.197200536727905,1188,955
6.205867052078247,1188,955
6.214606046676636,1190,955
6.217385292053223,1191,956
6.2262632846832275,1192,957
6.232834815979004,1193,958
6.242198705673218,1194,958
6.250219345092773,1194,959
6.2574028968811035,1195,960
6.264086961746216,1196,960
6.267716407775879,1197,962
6.286089897155762,1199,963
6.2934958934783936,1200,963
6.299092531204224,1201,963
6.313953161239624,1203,963
6.320795059204102,1203,964
6.329615116119385,1204,964
6.33255934715271,1204,964
6.3422770500183105,1205,965
6.357335567474365,1206,966
6.365152835845947,1208,966
6.366434812545776,1209,967
6.376039505004883,1210,967
6.3832924365997314,1210,968
6.393102645874023,1211,968
6.399702072143555,1212,969
6.4085693359375,1213,969
6.415839433670044,1214,970
6.418517827987671,1215,971
6.4295454025268555,1217,971
6.4363484382629395,1219,972
6.443520545959473,1220,973
6.449431419372559,1220,973
6.457008123397827,1221,974
6.4641313552856445,1223,974
6.473196268081665,1224,975
6.480051755905151,1226,975
6.487186670303345,1228,976
6.493443965911865,1230,976
6.503600358963013,1231,977
6.507734775543213,1233,978
6.514931678771973,1235,978
6.523184061050415,1238,980
6.5304036140441895,1240,981
6.537746906280518,1240,981
6.543564081192017,1242,982
6.551510334014893,1243,982
6.558974027633667,1246,982
6.565950393676758,1247,983
6.572940111160278,1249,983
6.579564571380615,1250,983
6.587730169296265,1251,984
6.594409942626953,1252,984
6.600931644439697,1254,984
6.609222888946533,1256,985
6.616450548171997,1257,985
6.631051778793335,1259,985
6.642786979675293,1260,985
6.651951313018799,1261,985
6.666190147399902,1261,985
6.680444717407227,1262,985
6.692507028579712,1264,985
6.717170238494873,1265,985
6.74342679977417,1266,985
6.7753612995147705,1267,985
6.7869672775268555,1267,986
6.810891628265381,1268,986
6.8255369663238525,1269,987
6.832530975341797,1270,987
6.839168548583984,1271,987
6.852457284927368,1274,989
6.859950304031372,1275,989
6.865130662918091,1276,990
6.875302076339722,1276,990
6.88255763053894,1278,990
6.885198354721069,1279,990
6.892623662948608,1282,991
6.900163412094116,1283,991
6.909644842147827,1285,991
6.917357683181763,1287,992
6.925684452056885,1289,992
6.932378053665161,1289,992
6.934931993484497,1292,993
6.945728540420532,1293,993
6.954335451126099,1295,994
6.961311340332031,1296,994
6.9669106006622314,1298,994
6.976063013076782,1299,995
6.982398986816406,1302,995
6.990553855895996,1302,995
6.996657848358154,1303,995
6.999553203582764,1304,996
7.0114665031433105,1305,996
7.017934799194336,1307,996
7.033319473266602,1308,996
7.039733409881592,1309,996
7.047781944274902,1310,996
7.059205055236816,1311,996
7.068585157394409,1312,996
7.076353311538696,1313,996
7.083159685134888,1314,996
7.090972423553467,1315,996
7.093165874481201,1315,996
7.100767374038696,1316,997
7.109909296035767,1318,997
7.11924147605896,1319,997
7.127128601074219,1320,997
7.132262468338013,1321,997
7.141395092010498,1321,997
7.148034334182739,1322,999
7.153481483459473,1323,999
7.162317276000977,1324,999
7.165689706802368,1325,1000
7.176781892776489,1328,1000
7.182345867156982,1329,1000
7.191181898117065,1330,1001
7.198976516723633,1331,1001
7.206191062927246,1333,1001
7.209027528762817,1335,1002
7.216691493988037,1337,1002
7.2260191440582275,1339,1002
7.23348331451416,1341,1002
7.242032289505005,1343,1002
7.248307466506958,1345,1002
7.25655460357666,1347,1003
7.259721517562866,1349,1003
7.268150091171265,1350,1003
7.276697635650635,1352,1003
7.282297134399414,1352,1003
7.291992902755737,1353,1004
7.297524452209473,1354,1004
7.313865423202515,1356,1004
7.320533514022827,1357,1004
7.32637095451355,1358,1004
7.341638088226318,1359,1004
7.348371982574463,1359,1005
7.35571813583374,1360,1005
7.3643481731414795,1361,1005
7.375749826431274,1362,1005
7.392730951309204,1363,1006
7.399693489074707,1365,1006
7.413882732391357,1365,1006
7.4173736572265625,1366,1006
7.428349256515503,1367,1006
7.435679197311401,1368,1006
7.442189455032349,1369,1007
7.448842287063599,1370,1007
7.45508599281311,1371,1007
7.464163064956665,1372,1009
7.471992254257202,1373,1009
7.478700160980225,1374,1009
7.482534885406494,1376,1009
7.492600440979004,1377,1009
7.49628472328186,1378,1010
7.506619453430176,1381,1010
7.514272212982178,1383,1010
7.522947311401367,1384,1010
7.526862859725952,1386,1010
7.532749891281128,1387,1011
7.542884349822998,1390,1011
7.5505077838897705,1392,1011
7.557638883590698,1393,1011
7.564540863037109,1395,1011
7.566685914993286,1396,1011
7.575615644454956,1397,1011
7.584544658660889,1399,1011
7.593442440032959,1400,1011
7.606590270996094,1402,1011
7.614430904388428,1403,1011
7.622744560241699,1404,1011
7.628742218017578,1404,1011
7.632595539093018,1405,1011
7.641824007034302,1406,1011
7.6493284702301025,1408,1011
7.655955076217651,1409,1011
7.6644532680511475,1410,1010
7.672793388366699,1411,1010
7.6757729053497314,1411,1010
7.682399272918701,1412,1008
7.69378399848938,1414,1008
7.70004415512085,1415,1007
7.709005355834961,1417,1007
7.71554708480835,1418,1007
7.721774101257324,1420,1007
7.729555130004883,1420,1006
7.736950159072876,1422,1006
7.744993209838867,1423,1005
7.751193523406982,1426,1005
7.759180307388306,1427,1005
7.764173746109009,1429,1004
7.770124673843384,1431,1004
7.777857780456543,1432,1003
7.786439895629883,1433,1003
7.794616937637329,1437,1003
7.80217719078064,1439,1002
7.808672666549683,1441,1001
7.816235065460205,1443,1001
7.822031259536743,1446,1001
7.829978942871094,1448,1000
7.836434364318848,1450,1000
7.845198392868042,1451,998
7.851499557495117,1453,998
7.85872220993042,1456,997
7.865955591201782,1458,997
7.873952627182007,1460,996
7.880478143692017,1461,996
7.8873066902160645,1463,995
7.89462685585022,1464,995
7.898041486740112,1466,994
7.908672332763672,1467,994
7.9164369106292725,1468,994
7.924671173095703,1469,993
7.926048517227173,1470,993
7.93485426902771,1472,993
7.943106412887573,1473,993
7.951924085617065,1474,993
7.960763931274414,1475,992
7.966399908065796,1477,992
7.974069118499756,1478,992
7.978757858276367,1479,992
7.987842798233032,1481,992
7.996421813964844,1481,992
7.9988319873809814,1484,992
8.00801944732666,1486,992
8.01561713218689,1487,992
8.024933815002441,1489,992
8.031848907470703,1491,992
8.034606456756592,1494,992
8.042474031448364,1496,992
8.050024271011353,1497,992
8.05867338180542,1499,992
8.067132472991943,1499,992
8.074827909469604,1502,992
8.08246636390686,1503,992
8.089257717132568,1504,992
8.093382835388184,1505,992
8.102275848388672,1506,992
8.10848355293274,1507,992
8.116882562637329,1507,992
8.124908685684204,1508,992
8.132433891296387,1509,992
8.147209644317627,1511,992
8.150577545166016,1512,992
8.158438444137573,1513,992
8.164211750030518,1514,992
8.17521357536316,1514,992
8.182442903518677,1515,992
8.190366268157959,1516,991
8.196414947509766,1517,991
8.204737901687622,1518,991
8.208781719207764,1520,991
8.217259883880615,1520,991
8.225875616073608,1522,991
8.232687950134277,1523,991
8.23783540725708,1524,991
8.24640703201294,1526,991
8.254661083221436,1527,990
8.260919094085693,1528,990
8.264687538146973,1529,990
8.275429487228394,1530,990
8.282706499099731,1532,990
8.288501977920532,1533,988
8.296714067459106,1534,988
8.305214166641235,1535,988
8.312764644622803,1538,988
8.314874172210693,1538,988
8.325720071792603,1540,987
8.332308053970337,1541,987
8.34062910079956,1543,987
8.348411083221436,1544,987
8.354626178741455,1545,987
8.357858180999756,1546,987
8.368505477905273,1548,987
8.375547885894775,1549,987
8.383660078048706,1550,987
8.387760877609253,1552,987
8.398204565048218,1553,986
8.404510498046875,1554,986
8.41289234161377,1554,986
8.41868543624878,1556,986
8.425525665283203,1557,986
8.441405773162842,1558,986
8.447229623794556,1559,986
8.453840255737305,1559,985
8.462377071380615,1561,985
8.476996421813965,1562,985
8.49128007888794,1562,985
8.497241020202637,1563,985
8.505708932876587,1565,984
8.509540796279907,1566,984
8.519813299179077,1567,984
8.526168584823608,1569,984
8.534452438354492,1569,984
8.542110681533813,1570,983
8.549315452575684,1571,983
8.551690101623535,1572,983
8.558936595916748,1575,983
8.567415475845337,1576,983
8.57648491859436,1577,982
8.585119009017944,1578,982
8.591918230056763,1579,982
8.59384298324585,1580,981
8.606783390045166,1583,980
8.614233016967773,1584,978
8.620134115219116,1586,978
8.62440824508667,1587,978
8.633060693740845,1589,977
8.641964673995972,1590,976
8.648271799087524,1592,976
8.656577825546265,1593,975
8.664244651794434,1594,974
8.66948127746582,1595,973
8.67815375328064,1597,972
8.6856689453125,1598,971
8.692790031433105,1599,970
8.699252605438232,1600,969
8.703892946243286,1601,968
8.716663599014282,1602,967
8.720059156417847,1603,966
8.728260517120361,1604,965
8.735740661621094,1605,964
8.742666006088257,1606,964
8.750607013702393,1607,963
8.753713846206665,1609,960
8.7646324634552,1611,959
8.777831554412842,1611,958
8.784502029418945,1612,957
8.793027877807617,1613,956
8.79761552810669,1614,955
8.806232452392578,1615,955
8.8140869140625,1616,954
8.817555665969849,1616,954
8.825948715209961,1617,952
8.842618942260742,1618,951
8.850606441497803,1619,951
8.858093023300171,1619,950
8.864151239395142,1620,950
8.867867946624756,1620,949
8.886305093765259,1621,948
8.893155336380005,1622,947
8.907676219940186,1623,947
8.913870811462402,1624,947
8.92234492301941,1624,946
8.93009901046753,1624,946
8.93696641921997,1624,945
8.941547155380249,1625,944
8.950276851654053,1626,944
8.95793628692627,1627,942
8.972946405410767,1629,941
8.979914426803589,1630,940
8.987008333206177,1631,939
9.00011944770813,1632,938
9.008667707443237,1633,938
9.015299081802368,1633,937
9.020307540893555,1634,936
9.028799295425415,1635,935
9.03705906867981,1636,934
9.041945457458496,1636,932
9.05110216140747,1638,932
9.059446334838867,1639,931
9.064305782318115,1640,931
9.069654941558838,1641,930
9.077520608901978,1641,929
9.087700366973877,1641,928
9.093559741973877,1642,927
9.102097272872925,1643,926
9.107994318008423,1644,925
9.116168975830078,1644,924
9.119019746780396,1645,923
9.12761640548706,1647,922
9.1364586353302,1648,921
9.145070314407349,1648,920
9.150881052017212,1649,918
9.159153938293457,1650,917
9.16620922088623,1651,917
9.17417025566101,1652,915
9.179802894592285,1652,914
9.188518047332764,1653,913
9.19404149055481,1654,912
9.198837518692017,1654,911
9.20855450630188,1656,910
9.215710163116455,1656,910
9.223979234695435,1656,909
9.23157548904419,1657,909
9.232593774795532,1657,908
9.241313695907593,1658,906
9.249586582183838,1659,905
9.25907278060913,1660,904
9.27445936203003,1660,903
9.288619756698608,1661,902
9.307505369186401,1662,902
9.323948860168457,1662,901
9.332474946975708,1662,900
9.34630274772644,1664,899
9.353893518447876,1664,897
9.359012365341187,1665,896
9.364267826080322,1666,895
9.374847173690796,1666,894
9.382505893707275,1667,894
9.389913320541382,1668,893
9.394540786743164,1668,892
9.402793169021606,1669,891
9.410815954208374,1670,889
9.418458938598633,1671,887
9.424749851226807,1671,886
9.432522535324097,1671,885
9.434732913970947,1673,885
9.445945501327515,1674,884
9.453967094421387,1675,883
9.459912061691284,1675,882
9.468547582626343,1676,880
9.475489139556885,1677,879
9.482385158538818,1678,877
9.490504503250122,1679,875
9.494978666305542,1679,874
9.503426313400269,1680,874
9.512003898620605,1681,873
9.524110555648804,1684,870
9.53265380859375,1685,869
9.54103684425354,1685,868
9.547027349472046,1686,866
9.554409503936768,1687,865
9.558049201965332,1688,864
9.566192388534546,1688,863
9.575010299682617,1689,862
9.583126783370972,1690,860
9.590847492218018,1690,858
9.59727954864502,1692,858
9.603738069534302,1693,856
9.612238645553589,1694,855
9.619331359863281,1694,855
9.624838590621948,1695,855
9.633734941482544,1695,854
9.64106011390686,1695,853
9.645067930221558,1696,852
9.65476369857788,1697,851
9.668832540512085,1697,849
9.682960033416748,1697,849
9.697375059127808,1698,848
9.706020593643188,1698,847
9.709634065628052,1699,846
9.717257022857666,1699,845
9.73470139503479,1701,843
9.741348505020142,1701,842
9.74936842918396,1702,840
9.754754781723022,1702,840
9.763142108917236,1703,839
9.768903970718384,1703,838
9.775109052658081,1704,836
9.791269302368164,1704,834
9.797830581665039,1705,833
9.806185722351074,1705,832
9.812554359436035,1706,829
9.820709705352783,1706,829
9.827378034591675,1706,827
9.8323655128479,1706,826
9.841309070587158,1706,824
9.844739437103271,1708,821
9.854889154434204,1708,819
9.862070083618164,1708,818
9.87089991569519,1708,816
9.876350402832031,1708,814
9.882542848587036,1710,812
9.891027212142944,1710,809
9.899457216262817,1712,807
9.906008243560791,1712,806
9.913954496383667,1712,804
9.919407606124878,1712,802
9.92723298072815,1714,799
9.935273170471191,1714,798
9.941098690032959,1714,796
9.949266195297241,1714,795
9.957255601882935,1714,795
9.964141845703125,1715,793
9.968210935592651,1715,791
9.9781494140625,1715,789
9.984108686447144,1716,788
9.993069887161255,1716,787
10.000367164611816,1717,786
10.00725245475769,1717,786
10.013903141021729,1717,784
10.018441915512085,1718,782
10.02887749671936,1718,781
10.03596830368042,1718,779
10.041503429412842,1720,778
10.049092292785645,1720,776
10.05758786201477,1720,775
10.063769817352295,1720,774
10.070424318313599,1720,773
10.07863163948059,1721,771
10.083322048187256,1721,770
10.090674638748169,1721,769
10.100056171417236,1721,767
10.108064651489258,1721,766
10.114781141281128,1722,765
10.12169623374939,1722,764
10.124903202056885,1722,763
10.132397174835205,1722,761
10.140858888626099,1722,760
10.149420738220215,1722,758
10.157636165618896,1722,757
10.165706396102905,1722,756
10.166266441345215,1722,756
10.180270671844482,1723,753
10.183392524719238,1723,752
10.191840648651123,1723,751
10.200491666793823,1723,750
10.208265542984009,1723,749
10.214452743530273,1723,748
10.22283935546875,1723,747
10.230405807495117,1723,747
10.237630128860474,1723,746
10.244343042373657,1723,744
10.247447729110718,1723,743
10.258882284164429,1723,741
10.264975786209106,1723,740
10.28054928779602,1723,740
10.287647008895874,1723,739
10.294693231582642,1723,738
10.301506519317627,1723,737
10.307571172714233,1723,735
10.316077947616577,1724,734
10.323527097702026,1724,733
10.330655097961426,1724,733
10.336754083633423,1724,731
10.344849824905396,1725,730
10.347681999206543,1725,729
10.358094215393066,1725,728
10.364866018295288,1725,726
10.37353253364563,1725,726
10.38143539428711,1725,724
10.387436151504517,1725,723
10.393916606903076,1726,722
10.402256488800049,1726,721
10.409162759780884,1727,719
10.416266918182373,1727,718
10.426692485809326,1727,717
10.435838460922241,1729,716
10.445507287979126,1729,715
10.45990514755249,1729,714
10.464056491851807,1730,713
10.474275827407837,1730,712
10.478837251663208,1730,711
10.488264083862305,1731,711
10.492580652236938,1731,710
10.500735998153687,1731,708
10.517289161682129,1732,706
10.531479358673096,1733,705
10.534195899963379,1733,704
10.541898012161255,1734,703
10.550341606140137,1734,702
10.558457612991333,1735,702
10.566032648086548,1735,701
10.57474136352539,1735,700
10.582412004470825,1735,698
10.583335638046265,1737,696
10.59188175201416,1737,695
10.600585222244263,1738,694
10.61812949180603,1738,693
10.623422384262085,1738,692
10.632636785507202,1738,692
10.639653205871582,1739,691
10.64490270614624,1739,689
10.653750658035278,1739,688
10.658172130584717,1739,686
10.667165994644165,1739,685
10.674411058425903,1739,685
10.682473421096802,1740,683
10.689913034439087,1740,682
10.69778823852539,1740,679
10.704235315322876,1740,678
10.71052360534668,1740,677
10.719216585159302,1740,676
10.725711107254028,1741,675
10.732824087142944,1741,674
10.740485191345215,1742,671
10.747716665267944,1742,670
10.753381252288818,1742,669
10.761821746826172,1743,667
10.768699645996094,1743,666
10.775927305221558,1743,665
10.7830171585083,1743,664
10.79021143913269,1743,662
10.796597480773926,1744,661
10.803394317626953,1744,659
10.812336444854736,1744,658
10.819499969482422,1744,657
10.825105428695679,1745,657
10.832734107971191,1745,656
10.838411569595337,1745,655
10.84706425666809,1746,654
10.855741500854492,1746,652
10.860775709152222,1746,651
10.869087219238281,1746,651
10.875922203063965,1746,650
10.884742259979248,1747,649
10.891472101211548,1747,648
10.897713899612427,1747,647
10.905455112457275,1747,646
10.911819219589233,1747,645
10.919084310531616,1747,644
10.927137851715088,1748,643
10.933987617492676,1748,641
10.941602230072021,1748,640
10.946361064910889,1748,639
10.956171751022339,1748,638
10.963384628295898,1749,637
10.970275402069092,1749,635
10.976715326309204,1749,634
10.982604265213013,1749,633
10.99156403541565,1749,631
10.997920751571655,1750,630
11.006314754486084,1750,629
11.013351440429688,1750,627
11.014541387557983,1750,626
11.027468204498291,1750,624
11.034767627716064,1750,623
11.041324853897095,1751,621
11.056576490402222,1751,619
11.062314510345459,1751,618
11.0707688331604,1751,617
11.074679374694824,1751,615
11.091552734375,1751,615
11.095353603363037,1751,614
11.106539249420166,1751,613
11.114068031311035,1751,612
11.12839961051941,1751,611
11.134447574615479,1751,610
11.141623497009277,1751,609
11.144931316375732,1751,609
11.156280279159546,1751,607
11.170224666595459,1751,606
11.178574323654175,1751,605
11.182737588882446,1751,604
11.191916942596436,1751,603
11.196056127548218,1751,603
11.207010984420776,1751,602
11.214593648910522,1751,601
11.224598407745361,1751,599
11.235548496246338,1751,597
11.24197268486023,1751,596
11.248501539230347,1751,595
11.264176368713379,1751,595
11.27061128616333,1751,594
11.27527928352356,1751,593
11.285785675048828,1751,592
11.293955564498901,1751,591
11.299988508224487,1750,590
11.306237936019897,1750,589
11.314119100570679,1750,588
11.3188796043396,1750,586
11.327320098876953,1750,585
11.336136102676392,1750,583
11.34239387512207,1750,582
11.344919681549072,1750,580
11.357562780380249,1750,577
11.363911628723145,1750,576
11.37225341796875,1750,575
11.379732608795166,1750,574
11.391971111297607,1750,573
11.399223566055298,1750,572
11.407788753509521,1750,571
11.422899007797241,1750,569
11.43656587600708,1750,568
11.450936555862427,1750,568
11.457419633865356,1750,567
11.473422527313232,1750,566
11.474441528320312,1750,565
11.493768692016602,1749,564
11.50180435180664,1749,563
11.51431918144226,1749,562
11.523519277572632,1749,561
11.529858112335205,1749,560
11.535282611846924,1749,559
11.543138265609741,1749,558
11.559545993804932,1749,557
11.565004587173462,1749,556
11.576445817947388,1749,555
11.584096670150757,1749,555
11.600469589233398,1749,554
11.616944074630737,1749,552
11.623886823654175,1749,551
11.627403259277344,1749,550
11.644654750823975,1749,548
11.658558368682861,1749,548
11.666688442230225,1749,547
11.673299074172974,1749,545
11.682991743087769,1749,542
11.6916663646698,1749,541
11.698566675186157,1749,540
11.707228660583496,1749,539
11.726948499679565,1749,537
11.731475591659546,1749,537
11.73733925819397,1749,536
11.746472597122192,1749,535
11.75188136100769,1749,534
11.764277696609497,1749,532
11.773763656616211,1747,530
11.786744832992554,1747,529
11.793164730072021,1747,528
11.802547931671143,1747,527
11.810354232788086,1747,527
11.817201852798462,1747,526
11.831299781799316,1747,525
11.838098764419556,1747,523
11.84278678894043,1747,522
11.860057353973389,1747,521
11.867913722991943,1746,521
11.875323295593262,1746,520
11.882570028305054,1746,519
11.889712810516357,1746,518
11.903273344039917,1745,517
11.910478591918945,1745,516
11.91813063621521,1745,514
11.925549030303955,1745,514
11.932594537734985,1745,513
11.94669485092163,1744,512
11.953081607818604,1744,511
11.967666387557983,1744,510
11.983089685440063,1744,509
11.989565134048462,1744,508
11.994628667831421,1744,508
12.002832174301147,1743,506
12.010863542556763,1743,505
12.024443864822388,1742,503
12.040278911590576,1742,502
12.047664880752563,1741,500
12.052958488464355,1741,499
12.061897277832031,1741,499
12.064570426940918,1741,497
12.075767517089844,1740,496
12.08254098892212,1740,495
12.090358018875122,1740,494
12.098298072814941,1739,492
12.10446548461914,1739,491
12.110962390899658,1739,491
12.119763612747192,1739,490
12.126409769058228,1737,489
12.133236408233643,1737,486
12.140544891357422,1737,485
12.147526264190674,1737,484
12.151946067810059,1737,483
12.160990715026855,1737,482
12.168694257736206,1736,480
12.177044868469238,1736,479
12.184338569641113,1736,479
12.190616369247437,1736,477
12.19411301612854,1735,476
12.202913761138916,1735,474
12.211677074432373,1735,473
12.217426300048828,1735,472
12.234469890594482,1734,472
12.240232706069946,1734,471
12.247249126434326,1734,470
12.256001472473145,1734,468
12.259169340133667,1733,468
12.267598867416382,1733,467
12.277876138687134,1733,466
12.291363954544067,1732,465
12.296448945999146,1732,465
12.306238651275635,1732,464
12.312654733657837,1732,463
12.318876028060913,1731,462
12.33345913887024,1731,461
12.347983598709106,1730,459
12.356531620025635,1730,458
12.37001657485962,1729,458
12.377302169799805,1729,457
12.384420394897461,1729,456
12.391587972640991,1729,455
12.39810848236084,1728,455
12.407126903533936,1728,453
12.419605016708374,1727,452
12.433942794799805,1727,450
12.448818922042847,1727,450
12.45749020576477,1726,449
12.478220462799072,1726,448
12.484935998916626,1725,447
12.500527143478394,1725,446
12.514247417449951,1724,445
12.528034925460815,1724,445
12.536457538604736,1724,444
12.541837692260742,1723,442
12.562368392944336,1723,441
12.572115898132324,1723,440
12.57843828201294,1723,439
12.585455894470215,1723,438
12.593037366867065,1723,438
12.600480318069458,1723,437
12.606279134750366,1722,436
12.61400556564331,1722,435
12.622453212738037,1722,434
12.625754117965698,1722,432
12.63414454460144,1722,430
12.642386674880981,1720,430
12.650508880615234,1720,430
12.658297300338745,1720,429
12.66414737701416,1720,428
12.672871589660645,1720,427
12.676028490066528,1720,426
12.683964490890503,1720,425
12.694803476333618,1719,425
12.701594114303589,1719,424
12.708710432052612,1719,423
12.727683067321777,1719,422
12.744219779968262,1719,421
12.746882200241089,1718,420
12.757648944854736,1718,419
12.779787063598633,1718,418
12.792984247207642,1718,417
12.809171199798584,1717,417
12.830748319625854,1717,416
12.836894035339355,1717,414
12.85802173614502,1716,413
12.87561321258545,1716,412
12.880105257034302,1716,411
12.885784387588501,1715,411
12.902377367019653,1715,410
12.916192770004272,1715,409
12.92335820198059,1715,408
12.931327104568481,1715,407
12.942611694335938,1714,405
12.951082468032837,1714,404
12.959364891052246,1714,404
12.964308023452759,1714,403
12.973449468612671,1713,403
12.98111867904663,1713,402
12.988832950592041,1713,401
12.992617845535278,1713,400
13.002858400344849,1711,399
13.009177684783936,1711,398
13.017320156097412,1711,397
13.023652076721191,1710,396
13.030868530273438,1710,395
13.039264678955078,1710,394
13.042483568191528,1709,393
13.060513019561768,1709,392
13.064396619796753,1709,391
13.07312560081482,1709,391
13.080427646636963,1708,390
13.095235586166382,1708,388
13.104149580001831,1708,387
13.106276512145996,1708,386
13.123167514801025,1708,385
13.139622688293457,1707,384
13.142963409423828,1707,384
13.151584386825562,1707,383
13.166469812393188,1706,383
13.175316333770752,1706,382
13.182520627975464,1706,381
13.189310073852539,1706,380
13.196253776550293,1705,378
13.210407495498657,1705,377
13.216961860656738,1704,377
13.223205804824829,1704,376
13.23246455192566,1704,375
13.246669292449951,1702,374
13.2542142868042,1702,373
13.264044046401978,1702,372
13.2749662399292,1701,371
13.288954734802246,1701,371
13.297486066818237,1700,371
13.3034029006958,1700,369
13.314717769622803,1700,368
13.323610544204712,1700,368
13.33990478515625,1700,367
13.34704065322876,1699,367
13.35166597366333,1699,366
13.359846591949463,1698,366
13.36763072013855,1698,365
13.3763267993927,1697,365
13.389936923980713,1697,364
13.394027709960938,1696,364
13.402965307235718,1696,364
13.41863226890564,1695,364
13.427032470703125,1695,363
13.432562112808228,1693,362
13.438895225524902,1693,362
13.44739317893982,1693,361
13.455283403396606,1692,360
13.461194515228271,1691,359
13.47632360458374,1691,358
13.484631299972534,1690,358
13.489887475967407,1690,358
13.492558479309082,1689,358
13.505358457565308,1689,357
13.509813070297241,1688,357
13.520414352416992,1688,356
13.532409906387329,1687,355
13.539331912994385,1687,353
13.56310749053955,1687,352
13.564488172531128,1685,352
13.571659803390503,1685,351
13.591343402862549,1685,351
13.599351167678833,1684,351
13.605829954147339,1684,350
13.627706527709961,1683,349
13.641402244567871,1683,348
13.64887523651123,1682,348
13.655582427978516,1682,347
13.671137809753418,1681,346
13.6892249584198,1680,344
13.713897705078125,1680,344
13.735788822174072,1680,343
13.742412328720093,1679,343
13.74792218208313,1679,342
13.756755590438843,1678,342
13.764578104019165,1678,341
13.771731615066528,1676,340
13.776039838790894,1676,339
13.784968852996826,1675,339
13.793570280075073,1675,338
13.798533916473389,1674,338
13.814868211746216,1673,337
13.822067975997925,1673,335
13.833385944366455,1673,334
13.8424711227417,1673,333
13.850855827331543,1672,333
13.864063739776611,1672,332
13.877864122390747,1671,331
13.89359188079834,1671,331
13.913957118988037,1670,330
13.925428628921509,1670,329
13.933616161346436,1669,329
13.95016860961914,1667,328
13.96562385559082,1667,327
13.971807479858398,1666,327
13.979915380477905,1666,325
14.001722812652588,1666,324
14.009079217910767,1666,324
14.016010522842407,1666,324
14.030007600784302,1665,323
14.043491125106812,1665,322
14.050071239471436,1664,322
14.06428337097168,1663,321
14.080135822296143,1663,320
14.08722710609436,1662,320
14.100305080413818,1662,319
14.108803749084473,1661,319
14.113669872283936,1660,318
14.123409986495972,1660,317
14.129655838012695,1658,316
14.14172649383545,1658,316
14.150198221206665,1657,315
14.158358812332153,1656,314
14.173612117767334,1655,313
14.180973052978516,1655,312
14.188308000564575,1654,312
14.198480367660522,1653,311
14.230388879776001,1652,310
14.244930505752563,1652,310
14.251592874526978,1650,310
14.260573387145996,1649,308
14.26434063911438,1649,307
14.272827863693237,1648,307
14.279468536376953,1647,306
14.295698165893555,1646,304
14.29913592338562,1645,304
14.305866479873657,1645,303
14.314302921295166,1644,303
14.322408199310303,1643,302
14.339447498321533,1643,301
14.34645128250122,1643,301
14.355275630950928,1641,300
14.37492036819458,1640,298
14.382645845413208,1639,298
14.396462440490723,1638,298
14.403213024139404,1638,297
14.40993857383728,1637,297
14.414149284362793,1636,296
14.438591718673706,1635,295
14.445631980895996,1635,294
14.461524486541748,1635,294
14.473008632659912,1635,293
14.482668161392212,1634,293
14.495152235031128,1634,292
14.503253936767578,1632,292
14.511417865753174,1632,292
14.524356603622437,1631,292
14.532896518707275,1630,290
14.544811248779297,1630,289
14.552912712097168,1629,289
14.56167984008789,1629,288
14.564315557479858,1628,288
14.572047472000122,1628,287
14.58276915550232,1628,287
14.589502096176147,1627,286
14.604466199874878,1626,285
14.614903211593628,1625,285
14.632641553878784,1624,284
14.645576238632202,1622,283
14.667790412902832,1621,282
14.67650818824768,1621,282
14.682464838027954,1621,280
14.69570279121399,1620,279
14.704113960266113,1619,278
14.717631101608276,1618,278
14.73887848854065,1617,277
14.76828384399414,1616,276
14.78960633277893,1615,275
14.801938772201538,1614,274
14.818871259689331,1613,274
14.8248770236969,1613,273
14.833630084991455,1612,273
14.854859590530396,1611,273
14.862248182296753,1611,272
14.873437404632568,1610,272
14.890481948852539,1609,271
14.904489994049072,1608,271
14.912400245666504,1608,271
14.914576530456543,1608,270
14.932592630386353,1607,270
14.962501525878906,1605,270
14.99141240119934,1604,270
15.001823902130127,1604,269
15.01856780052185,1603,269
15.026010990142822,1602,269
15.033579587936401,1601,268
15.038908243179321,1601,268
15.05500602722168,1600,268
15.060661792755127,1599,267
15.0742928981781,1598,267
15.089478254318237,1596,267
15.096513032913208,1595,266
15.105095624923706,1595,266
15.110283374786377,1594,266
15.119359731674194,1593,266
15.132797479629517,1592,265
15.139733791351318,1590,265
15.155091524124146,1589,265
15.16265320777893,1587,265
15.168535470962524,1587,265
15.175851583480835,1586,265
15.183776140213013,1585,265
15.1891770362854,1584,265
15.204465866088867,1583,264
15.210697889328003,1582,264
15.2193124294281,1582,264
15.224684953689575,1581,264
15.240560293197632,1579,262
15.246325016021729,1578,262
15.259910106658936,1577,262
15.282557249069214,1576,262
15.291386842727661,1576,261
15.29828405380249,1575,261
15.307542324066162,1574,261
15.324840784072876,1574,260
15.333858966827393,1574,260
15.340824842453003,1573,260
15.359930753707886,1572,260
15.368648052215576,1570,259
15.382571458816528,1569,259
15.390714168548584,1568,258
15.404718399047852,1567,258
15.418674230575562,1567,257
15.423595666885376,1566,257
15.432623863220215,1565,257
15.44050407409668,1565,257
15.44741415977478,1564,257
15.455698490142822,1563,256
15.464966297149658,1561,256
15.491100788116455,1561,256
15.491100788116455,1561,255
15.511571168899536,1560,255
15.517242670059204,1559,255
15.525787830352783,1559,253
15.53453254699707,1558,253
15.539799451828003,1557,252
15.544394493103027,1556,252
15.554984092712402,1555,251
15.563151597976685,1555,251
15.56991696357727,1552,251
15.576950311660767,1551,250
15.583405017852783,1549,250
15.58828854560852,1548,250
15.598546504974365,1547,250
15.60554575920105,1546,249
15.610939979553223,1545,249
15.619439601898193,1543,249
15.625229358673096,1542,248
15.633733034133911,1540,248
15.63881254196167,1539,247
15.647420167922974,1538,247
15.654935836791992,1538,247
15.657719373703003,1536,246
15.665876865386963,1534,246
15.674360036849976,1533,246
15.682379722595215,1533,244
15.691539764404297,1531,244
15.705031156539917,1530,243
15.708444356918335,1529,243
15.71795105934143,1528,243
15.732640027999878,1528,243
15.743334770202637,1527,242
15.755155563354492,1525,242
15.763407468795776,1524,242
15.770234107971191,1524,241
15.774889945983887,1523,241
15.78262448310852,1522,241
15.791320085525513,1521,240
15.799144744873047,1521,240
15.806697130203247,1520,240
15.819333553314209,1519,240
15.822956323623657,1516,239
15.832739114761353,1515,239
15.840787887573242,1514,239
15.843185186386108,1513,239
15.855242490768433,1513,239
15.863410234451294,1511,238
15.866755247116089,1510,238
15.876413106918335,1509,238
15.884398221969604,1507,238
15.892067432403564,1505,238
15.893208265304565,1504,237
15.905404090881348,1504,237
15.910492658615112,1503,237
15.919055223464966,1502,237
15.925257921218872,1501,237
15.932554244995117,1500,235
15.941239595413208,1498,235
15.948855876922607,1496,235
15.955352544784546,1495,235
15.96272873878479,1494,235
15.965794324874878,1494,235
15.973878383636475,1493,235
15.982447624206543,1491,235
15.991382837295532,1489,235
15.998969793319702,1488,235
16.0060875415802,1487,235
16.01294255256653,1486,235
16.01554036140442,1486,235
16.02359628677368,1484,235
16.040952682495117,1483,235
16.043566465377808,1482,235
16.055280923843384,1480,235
16.063859701156616,1479,235
16.076114177703857,1479,235
16.084811449050903,1478,235
16.097673416137695,1477,235
16.110857009887695,1476,235
16.122793436050415,1475,235
16.133812189102173,1474,235
16.14790916442871,1473,235
16.155027866363525,1471,235
16.16322112083435,1470,235
16.170351028442383,1469,235
16.17275881767273,1468,235
16.18453073501587,1467,235
16.189064502716064,1465,235
16.197713375091553,1462,235
16.206483125686646,1461,235
16.211288452148438,1459,235
16.221222639083862,1459,235
16.227887868881226,1457,235
16.23255705833435,1456,235
16.241334676742554,1455,235
16.24441957473755,1453,235
16.254810571670532,1452,235
16.26374912261963,1452,235
16.271111488342285,1451,235
16.277605056762695,1450,235
16.284271240234375,1449,235
16.313677310943604,1448,235
16.344339847564697,1447,235
16.371236085891724,1444,235
16.383989572525024,1444,235
16.392059326171875,1443,235
16.39653754234314,1442,235
16.40633273124695,1441,235
16.41385531425476,1440,235
16.420526266098022,1438,235
16.432617902755737,1437,235
16.440412998199463,1436,235
16.448303937911987,1435,235
16.456567525863647,1434,235
16.46418809890747,1433,235
16.474467277526855,1432,235
16.48297429084778,1431,235
16.49237608909607,1431,235
16.506328105926514,1430,235
16.514028549194336,1429,235
16.520859241485596,1427,234
16.534977436065674,1426,234
16.53827714920044,1425,234
16.54875922203064,1424,234
16.554336071014404,1424,234
16.562103748321533,1423,233
16.571157693862915,1421,233
16.57233476638794,1420,233
16.582448720932007,1416,233
16.58795928955078,1414,233
16.59616708755493,1413,233
16.605103015899658,1410,233
16.61397933959961,1407,233
16.62135148048401,1406,233
16.6279513835907,1405,233
16.632688522338867,1403,233
16.640308618545532,1401,233
16.648993730545044,1399,233
16.654746055603027,1398,233
16.66450309753418,1397,233
16.671473741531372,1396,233
16.67633080482483,1395,233
16.692540645599365,1394,233
16.72143268585205,1394,233
16.727457761764526,1394,232
16.736226320266724,1393,232
16.743239164352417,1392,232
16.756590366363525,1390,232
16.764169692993164,1389,232
16.771550178527832,1388,231
16.784847736358643,1388,231
16.78903317451477,1387,231
16.797879934310913,1386,231
16.82078194618225,1385,231
16.832956552505493,1384,231
16.84130024909973,1384,230
16.849943161010742,1383,230
16.870677947998047,1382,230
16.888625860214233,1382,230
16.919212579727173,1381,230
16.933130979537964,1380,230
16.939362049102783,1379,230
16.955683946609497,1378,230
16.96388554573059,1377,230
16.97127079963684,1376,230
16.982629537582397,1375,230
16.997230052947998,1374,230
17.006016492843628,1373,230
17.020904064178467,1372,230
17.032557010650635,1371,230
17.042169094085693,1370,230
17.0489604473114,1370,230
17.057596445083618,1369,230
17.070743560791016,1368,230
17.076667070388794,1366,230
17.092058897018433,1365,230
17.097931385040283,1364,230
17.113886833190918,1363,230
17.121169805526733,1363,230
17.127837657928467,1362,230
17.135106801986694,1361,230
17.143218755722046,1360,230
17.144583702087402,1359,230
17.16400933265686,1357,230
17.171165943145752,1356,230
17.17820167541504,1356,230
17.198825359344482,1355,230
17.224141836166382,1354,230
17.2651686668396,1353,230
17.274672031402588,1352,230
17.28570318222046,1351,230
17.29936146736145,1350,230
17.304238080978394,1349,230
17.322188138961792,1348,230
17.32832145690918,1347,230
17.336486101150513,1346,230
17.337567567825317,1345,230
17.35459017753601,1344,230
17.365099668502808,1344,230
17.379154443740845,1343,230
17.38671636581421,1343,231
17.393392324447632,1342,231
17.40514588356018,1341,231
17.414098501205444,1339,231
17.428962230682373,1338,231
17.457111358642578,1337,231
17.49148178100586,1337,231
17.514898538589478,1336,231
17.52086353302002,1335,231
17.536712169647217,1333,232
17.548249006271362,1330,232
17.55672264099121,1329,232
17.565446138381958,1327,232
17.5708589553833,1326,233
17.579203605651855,1324,233
17.586743593215942,1324,233
17.588356018066406,1321,233
17.597031354904175,1320,233
17.605745315551758,1318,234
17.61435079574585,1317,234
17.62188696861267,1315,234
17.62346625328064,1315,234
17.636398315429688,1314,234
17.641178131103516,1312,234
17.649596691131592,1311,234
17.658149003982544,1310,234
17.664137840270996,1309,234
17.67153549194336,1308,234
17.679445266723633,1307,234
17.686800241470337,1306,234
17.6930410861969,1305,234
17.701744079589844,1303,234
17.706700563430786,1302,235
17.71396231651306,1301,235
17.72200632095337,1301,235
17.728424310684204,1300,235
17.737025260925293,1299,235
17.74963688850403,1298,235
17.757187604904175,1297,235
17.763888835906982,1296,237
17.777854919433594,1293,238
17.78707981109619,1292,238
17.79426407814026,1291,238
17.79980778694153,1290,238
17.80662775039673,1290,239
17.814229488372803,1289,240
17.82037878036499,1289,240
17.82630681991577,1288,241
17.83743143081665,1288,242
17.841957330703735,1287,242
17.853835821151733,1287,243
17.877804040908813,1285,243
17.894473552703857,1285,244
17.91384267807007,1284,244
18.007177114486694,1283,244
18.050575017929077,1283,244
18.08520221710205,1282,244
18.093732118606567,1282,245
18.130465984344482,1281,246
18.163660287857056,1280,246
18.20243787765503,1280,247
18.20756697654724,1279,247
18.24234652519226,1279,248
18.251224279403687,1278,248
18.264171600341797,1278,249
18.27025580406189,1276,249
18.30074143409729,1276,250
18.309213638305664,1276,250
18.332695484161377,1276,251
18.350615739822388,1275,251
